sha256,size,path
845af6fb16df79c3709795ec2d92b2a5cb2a68191c7fd0da5e61214451a1e493,67673,2025-02-22_Rent_Receipt.pdf
91f4268426e0de8c3e537c58909255dcc089833ad1a720db909b7118477941e5,75718,2025-03-21_Rent_Receipt.pdf
fa25fcbb25ac1f294393dce8a011a8b86bf2018c21524b0c833668abb5fcc5aa,62951,2025-04-21_Rent_Receipt.pdf
577a6b89cafe2956eb17d7094181b8c45e7b03662e4b9cb735b92fda6cc128ae,59419,2025-05-22_Rent_Receipt.pdf
c43393d6c6d992c4ff618b62658202f3656df2ce904c963a3e115e6102b506d4,62132,2025-06-22_Rent_Receipt.pdf
b672ae509a0555353d19a7c662a6c833a5157a533948f7900420f9557ff4d854,475083,2025-06-23_Medical_Document.pdf
71161b96ca2d3437598a620dd7eea7c9d53a24315419846a4f96776e57272481,4018218,2025-07-08_Property_Entry.pdf
a831116a290e81f1102fe3354a10077aaf0606e4ee5394237edf82bb390f8133,7375465,2025-07-10_Property_Entry.pdf
3cf1d2bc2507a56d3f6ee0172258a3556e3f34522ad9d5347fd2c27e601648ec,6947816,2025-07-11_Property_Entry.pdf
7dd94e44c447cdf3d2363d1021147b71ffb257df5af944cb1d6205e997c8af51,7178898,2025-07-14_Property_Entry.pdf
e45ae426cc1462e2f8881507cf1587f45a278a190aba1318f9e4b04ddee9ba26,6638915,2025-07-15_Property_Entry.pdf
a47e57990b488541e981502c1ac3065237799dce2360fde6fff4b8116613c40f,63162,2025-07-23_Rent_Receipt.pdf
d487450fffff04adea09fdcb4b484ad0bb3364e6a3fca663769d9bce5e7e0b55,114437,20250207-Welcome_to_Areal_Property_---_Your_New_Property_Mana-111.pdf
bea1174429f5f3bc6989997aa2c0706bd634fd3a08ec76ce8e24386f64370366,91868,20250225-Receipt_of_payment_for_1803_243_Franklin_St-_Melbo-110.pdf
d04c40c1ae7d2c4dfa5179d0d03b764b37864bf713202ccdaf5d0344a6f8192f,114186,20250325-Areal_monthly_after-hours_trades_list_update-109.pdf
389e1427c75accd8a44a50351798e470af6bf86aafd2c99b125f890fd3ec83ad,90804,20250325-Receipt_of_payment_for_1803_243_Franklin_St-_Melbo-108.pdf
39261c09e1f5ef555195086c7487da8a5e283a3fb6c4bf7597829c5bb7c9a0c0,113495,20250401-Areal_monthly_after-hours_trades_list_update-107.pdf
ebf8374cdca1bde44b9c1569399468708a68eff94ca9f6b7c7e7774e634b19da,27308323,20250402-Non-Urgent_Maintenance_Request_-1803_243_Franklin_-104.pdf
292c63fbb9a01132e9042129bcb58313484b2842db81b23f6f691b5b6e966060,27627809,20250408-Fwd__Non-Urgent_Maintenance_Request_-1803_243_Fran-105.pdf
08ed63f12cbd4061c5baa4b981b8697baf25cef52e23021c0f0e55f86b4a0b27,130824,20250409-Re_Non-Urgent_Maintenance_Request_-1803_243_Frankl-106.pdf
a7c2df85c9b9d708d97486769db3543ceac567eadeefc6569a03f1cb27e6ee34,113656,20250416-Re_Urgent__Water_Damage_on_Bedroom_Wall_-Unit_1803-101.pdf
1d1a8fdd8676372f269882343eba97e8afb1b8fa25f6e4de7cd84b29f4b523dc,120846,20250416-Re_Urgent__Water_Damage_on_Bedroom_Wall_-Unit_1803-102.pdf
2165bb4ca1ce632d7a5839581f4792743aafd17b590afd11fa9364a9cbf6eeca,1903518,20250416-Urgent__Water_Damage_on_Bedroom_Wall_-Unit_1803--100.pdf
f18589aeea7bc503ba77b14621721191f84cf298b48a2263c0371cd4941614d6,52236,20250420-Automatic_reply__Urgent__Water_Damage_on_Bedroom_W-99.pdf
bd8189eec152628f5e02030efbf6dba9cc25d155277672c5cd9db800f6ba6ef5,1060649,20250420-Re_Urgent__Water_Damage_on_Bedroom_Wall_-Unit_1803-103.pdf
bf23d290a67480952b9481cde122c0eba8dc082d7bd31e0234a75e79dcb9b103,90650,20250423-Receipt_of_payment_for_1803_243_Franklin_St-_Melbo-98.pdf
b15f3f6eb0f2573d537caa011658707341dc6afa924b5726240d05412f10229f,1224675,20250423-Second_Follow-up__Urgent_Water_Damage_Escalation_----97.pdf
ca27369cfcc2220b1334e6e5b2112a64f77a8a986df1a06e3ee0bbc192f68cbb,156672,20250424-Re_FW__Second_Follow-up__Urgent_Water_Damage_Escal-95.pdf
25e4b9436f993c10b92b733e223c9be4394584f5f8fd190d0535ac443f1b2638,108672,20250424-Routine_inspection_scheduled_for_1803_243_Franklin-96.pdf
b50dfc518d9394f7753f37717ccc149a8052ecf735d4d6c6b2b90a2f2c4627be,278135,20250428-Update_on_Leak_Inspection-1803_243_Franklin-94.pdf
7b4dca83c3f645f9394c19903e349fae3388eb8ae013a2122f6d0f2d32a3d9dd,123589,20250428-Update_on_Leak_Issue_at_1803__243_Franklin-93.pdf
8c2910ffc06b5c963c06c9b7f34732fde9d99643591cc0753bb44ba9dc1e3386,109129,20250430-Routine_inspection_for_1803_243_Franklin_St-_Melbo-92.pdf
9fe68c4a4921a8f260e9ef8bac57f385144eb5d37b7f9f9486949a064e96099a,114549,20250501-Areal_monthly_after-hours_trades_list_update-91.pdf
fca4ea4470fd3df73ec1895cf6b31ff2f7fad68855f3fa2e63bdfad8669ba2d5,125433,20250502-Leaking_Repaired_Confirmation_-_1803_243_Franklin-90.pdf
b151b9016216b193dfd7ce532546dd3db0b4753faaf329b88eebac4a4578f163,151779,20250509-Follow-up_on_Wall_and_Carpet_Damage_---_1803_243_Fra-87.pdf
e016f785007e8718a53b55bc18911ef1f3f305919cc013285eff024c0e5dab17,737683,20250509-Re_Follow-up_on_Wall_and_Carpet_Damage_---_1803_243_-88.pdf
cd42fca9ab80ea7d83e38d54b587dcb20731ae2124c49d6b150939caf79203c4,3525917,20250510-Re_Follow-up_on_Wall_and_Carpet_Damage_---_1803_243_-89.pdf
c20040f56334c110a49f521d0a289b983e631ae6f771d75fc59ed35c80ab82ec,152178,20250512-Re_FW__Follow-up_on_Wall_and_Carpet_Damage_---_1803_-78.pdf
7209e5ba43e82b5c3dec318125bcb8c9752c8a9463a5a2bb434560e6c33d5cd6,157117,20250513-Re_PS628109B_-_R-M_-_Water_Leak_Lot_1803A_-_243-_2-86.pdf
add66e5c985e6de4417cb618bf5a2e5ef3e38bfb8cfe8737996e3cfbe8cbefa8,90942,20250526-Receipt_of_payment_for_1803_243_Franklin_Street-_M-85.pdf
a1765313c23ffef91d05b7608b2ae018fe3e89ef4a40e293851302176ac7b8e1,126071,20250529-Leak_Rectification_Works_---_Access_Required-84.pdf
443e4779d340648747216770430e032ec69b7c0ae6c3f7c75cfb853f74f2c123,114317,20250602-Areal_monthly_after-hours_trades_list_update-83.pdf
c2b9c0a8859af0589836e7f67bde25a771c9c4735355aa080bb554c30157fa23,1507359,20250602-Re_FW__Follow-up_on_Wall_and_Carpet_Damage_---_1803_-79.pdf
a5196f9f5af217e98a68b1c2375e89ab4f2baaf14ecff86cbc7ec8b0aba47dc4,168802,20250603-Re_FW__Follow-up_on_Wall_and_Carpet_Damage_---_1803_-80.pdf
7fb60bbdaea86f2a12d988b316cae6d8a025e3de910a4ce3c88dd3a1ece31609,110013,20250603-Re_FW__Follow-up_on_Wall_and_Carpet_Damage_---_1803_-81.pdf
90ccd66d6bc1f0f82e6406ae675b0ff54e54923ab6e7f118016c11db0eeda3be,180422,20250605-Re_FW__Follow-up_on_Wall_and_Carpet_Damage_---_1803_-82.pdf
7a85bd6e0de5b0cdef3bc99275b0491737146d9eacec600c37a1a5f1bee106d7,56423,20250606-Follow-up_---_Formal_Demand_-_Statement_Regarding_Un-63.pdf
46a4f1b3f328f39855b6f243cb9b0475cff15c038b098bb65ad6a240320e9088,137046,20250606-Re_Follow-up_---_Formal_Demand_-_Statement_Regarding-64.pdf
030d1f1819305612bbedc1dc769b65f0e074443c13f44a66a9ff414ecd5dd2ab,125511,20250606-Re_Follow-up_---_Formal_Demand_-_Statement_Regarding-65.pdf
042d45dab0fe0597ade2ae81552ee607e75cb7bbf29012e031869a804cd1f61a,102663,20250606-You_have_reached_us_outside_of_business_hours-77.pdf
e85b0635125dbb7c580f20a755b5db0df30b203261ffe31bf562cd540fae99cd,160771,20250610-Re_Follow-up_---_Formal_Demand_-_Statement_Regarding-66.pdf
96171e0daa3c78609181079b4b8acff64221e18972d6956cd2f237dfd512130c,166775,20250610-Re_Follow-up_---_Formal_Demand_-_Statement_Regarding-67.pdf
071cb1d71d7f9d5fc803cf56be07067a3b9ed8c23a91514a769af5bd17a0c3b8,151568,20250611-Re_Rent_Adjustment_---_Request_for_Clarification_and-76.pdf
2bd8c115297d54acb7b7a55a7f774b31c4f9d4949dd065b8e34dc63da7b5bf4e,102662,20250611-You_have_reached_us_outside_of_business_hours-75.pdf
f539988718714941d94be954a1ea604b9035bf453888cf2f37c3108e4b5dc53c,181931,20250612-Re_Follow-up_---_Formal_Demand_-_Statement_Regarding-68.pdf
2beb2369dbb5e5659073c91cf2780a575c5fdc626efa4c77868db835a5143565,2485283,20250613-Re_Follow-up_---_Formal_Demand_-_Statement_Regarding-69.pdf
2bf5d3f8290498c5ec0c6080ae2898f65a8e07ab461c374a041da1053cb2f4be,197032,20250613-Re_Follow-up_---_Formal_Demand_-_Statement_Regarding-70.pdf
262be719c8c3a6f41091fe0ce31d22f054b6bd192859d4bcfb413632ab00c06e,102995,20250613-You_have_reached_us_outside_of_business_hours-74.pdf
ecb1da1e22debddf50182e1099b65bd3461635b6a669d60185c702b1521c8fae,122014,20250616-Re_Follow-up_---_Formal_Demand_-_Statement_Regarding-71.pdf
d3cdd1b29686e57167277b8aa01f1099dd34f58a2c26f1c8e2ed2de3665179af,2132470,20250616-Re_Follow-up_---_Formal_Demand_-_Statement_Regarding-72.pdf
b425cceced413990ba25f6044980c6e186e82c43b59d500fc2767729eff82f67,103029,20250616-You_have_reached_us_outside_of_business_hours-73.pdf
d4adbf67015161db42c624a3a93b245dfdef5ca0c10086996ac1c60009c52727,127013,20250618-Remediation_Works_---_Start_Date_Confirmed-62.pdf
dc777346569bb9e63b9cf0774dff4c9fdeb9ce2b285f84b61d19823b91d6230e,192265,20250623-Re_Follow-up_---_Formal_Demand_-_Statement_Regarding-52.pdf
8f45aefe0bcbd799f0be18e8bc217641048873af32d565cb0759028d14d436aa,1588750,20250623-Re_Follow-up_---_Formal_Demand_-_Statement_Regarding-53.pdf
dac8a6f905476e327a910192ac4e79fad61d0c96ee5b03ee2f0e00ff009ad102,194878,20250623-Re_Follow-up_---_Formal_Demand_-_Statement_Regarding-54.pdf
dc112ea1f7f0a9a118754b63e50c2036907edf7a48969f1fc32a0ddd7dd93d5f,84746,20250624-RDRV_-_Case_RT252398_-_33_Camberwell_Rd-_Hawthorn_-57.pdf
921ae848d00fdc65edb56d1eb91e0d1d0f6da7fc303f0182a14a6c67e07e2fba,173867,20250624-Re_Follow-up_---_Formal_Demand_-_Statement_Regarding-55.pdf
f490d2b2a1dee8ea8a0220548adcd2c07dcfee380713db02c2cecfe1765469db,181753,20250624-Re_Follow-up_---_Formal_Demand_-_Statement_Regarding-56.pdf
5f729607411d104bea3216f572edc071840b791243a43d5b98fff948d3a12f53,91698,20250624-Re_RDRV_-_Case_RT252398_-_33_Camberwell_Rd-_Hawtho-58.pdf
c1f1d3a7087a03420cee6ea26a4159665c034690fd18f6502a75fc80f1ac1203,90945,20250624-Receipt_of_payment_for_1803_243_Franklin_Street-_M-59.pdf
ecd794454744cbabc4e4194af8edbee283d58498a0ccf09258033be62347901a,94608,20250624-Residential_Tenancies_Dispute_Submission_for_RT252-60.pdf
764f6b74abef58e0c48a1ea924e5a2daa53b6c4a7bbec6614ebcb06b9e7f6b06,64645,20250624-VCAT_RDRV_account_email_verification_code-61.pdf
0e073dd74463202a39e5ebaa6759bbfa97218cf1629e7a23e1f7e657cb7e4166,103104,20250624-You_have_reached_us_outside_of_business_hours-51.pdf
f546bc5c64385b4f5247ca0986f9dbfa732477cf4ca2fbbf7742e754fc120f29,83235,20250625-RDRV_-_Case_RT252398_-_33_Camberwell_Rd-_Hawthorn_-25.pdf
0a8fae17a01f27e868ee88fc0480308d3331ab6952c094f2fae77caad75d36e1,148461,20250625-Re_RDRV_-_Case_RT252398_-_33_Camberwell_Rd-_Hawtho-26.pdf
60eaabe4aa91b95c2e3678db2c793d5c52ccc21cacf901fe67e8257949fb9c3e,175687,20250625-Re_RDRV_-_Case_RT252398_-_33_Camberwell_Rd-_Hawtho-27.pdf
eb7e94a98561f84f0101593d19951b07b1f504d364b6345fe00d0d7c0249cb2e,149227,20250626-Re_RDRV_-_Case_RT252398_-_33_Camberwell_Rd-_Hawtho-28.pdf
bd3b0058740afe505436116e74b9808ab5fdeae1efb2635b6605b7b6e8fc9d09,159216,20250626-Re_RDRV_-_Case_RT252398_-_33_Camberwell_Rd-_Hawtho-29.pdf
2442a2843632d7791293491551f03cd58ed20b844159208428e2a2c2c375f374,177077,20250626-Re_RDRV_-_Case_RT252398_-_33_Camberwell_Rd-_Hawtho-30.pdf
d879672e918d95a7af2c30a440797cd03b88e07aa744b786bf9c38b64260f005,95304,20250627-RDRV_Order_-_RT252398_CMS_0014256123-48.pdf
6817d962c02e6642b05daf129c3ef97015ba3c9bcbc0e3511837b96b520553f0,181249,20250627-Re_RDRV_-_Case_RT252398_-_33_Camberwell_Rd-_Hawtho-31.pdf
8444a312c8b57bdad6280429baa89d9aa767504e9253332896756c157a8dd74d,186193,20250627-Re_RDRV_-_Case_RT252398_-_33_Camberwell_Rd-_Hawtho-32.pdf
e424fabb685ed441e9d42b62f091b4e0ec1a2e54075c8027813f040c240ccf4a,199229,20250627-Re_RDRV_-_Case_RT252398_-_33_Camberwell_Rd-_Hawtho-50.pdf
8332c4b12c72234934ebaa1a92969a88cc2452e8307a457c017c6ae2cf8917a9,86182,20250627-Update_to_RT252398_CMS_0014256122-49.pdf
12f134265638e3a0089ff1f3c1c50a47a0d0d7d4425bd56d307028314437c29c,64785,20250627-VCAT_RDRV_account_email_verification_code-47.pdf
0d584a758f641888faf65d88703d4ccdff5adf7093cdac7fe5e5d397a8f190bb,114396,20250701-Areal_monthly_after-hours_trades_list_update-45.pdf
3f486ec570319cee2628a7a83010f97da7a8791fe7dfda6b7959e462561777ec,114457,20250701-Areal_monthly_after-hours_trades_list_update-46.pdf
feda6111b94c4ec75414edf3477ce5c323d6c972472112dad0226ddeac181cc0,191292,20250701-Re_RDRV_-_Case_RT252398_-_33_Camberwell_Rd-_Hawtho-33.pdf
9dbf25c0afe329fc43ec2db0348cd30c3744be2111e4cda885327a3a81abf45e,199251,20250701-Re_RDRV_-_Case_RT252398_-_33_Camberwell_Rd-_Hawtho-34.pdf
3584ddd52fcf402871f731e02360e54a25e17cc14da8d11e11ecb7946537a5bb,209402,20250701-Re_RDRV_-_Case_RT252398_-_33_Camberwell_Rd-_Hawtho-35.pdf
7fb6291a051577620fa8863e551c6a929414bb9d107359bdbf4f298e5a98628c,61743,20250703-Re_RDRV_-_Case_RT252398_-_33_Camberwell_Rd-_Hawtho-36.pdf
58e0ccfcb50001a38c2e2c9090395e40744e2b3f608825da106ab90e58db521a,103010,20250703-You_have_reached_us_outside_of_business_hours-44.pdf
d03185384a6a4dc07b80b626ee5db7f2ba274fed5845985f94901c21c84642cd,139214,20250704-Re_RDRV_-_Case_RT252398_-_33_Camberwell_Rd-_Hawtho-37.pdf
cdfd7f4d7a691ad0e6bf2632caa9b751671f13420439a32b7deb8c932cacc171,142986,20250704-Re_RDRV_-_Case_RT252398_-_33_Camberwell_Rd-_Hawtho-38.pdf
2bafec5d46e434034eb280ee9eef1e23be72b1b15d32d2bf5f27ef40d952be61,144514,20250704-Re_RDRV_-_Case_RT252398_-_33_Camberwell_Rd-_Hawtho-39.pdf
cc65c19c666792267f4bf8193701afec5005e32c2ca36fa5ba2e51d3c01bb93f,102880,20250704-You_have_reached_us_outside_of_business_hours-43.pdf
a68c7a39225ebaf7b37bd10d3abb2f1438843f12459552652f2a5b737e60a3e0,181765,20250707-Re_RDRV_-_Case_RT252398_-_33_Camberwell_Rd-_Hawtho-40.pdf
5e8e2f5538266bb72380c0444208639364d649ae86747d1e8b791f8a79de8089,187950,20250709-Re_RDRV_-_Case_RT252398_-_33_Camberwell_Rd-_Hawtho-41.pdf
a90bfce2ed4c7c686ef29f9a77fd83d8c28805661b2a13c7f95f22a549f67105,103562,20250711-Notice_to_vacate_-_1803_243_Franklin_Street-_Melbo-24.pdf
b7569c3ded4084236024700a024b4235ee8dde08fa9f678bcbe4220b61b0160a,341080,20250711-Re_RDRV_-_Case_RT252398_-_33_Camberwell_Rd-_Hawtho-42.pdf
905393c4ca50b902de4bb1847695d1012c07dceaaacaf7c4db6ada24c362a4be,110118,20250711-Vacating_instructions_-_1803_243_Franklin_Street-_-23.pdf
9359567f7f4295b1b25ab384e341a4c174e068b9f77c4c913af56b4370249a3b,51952,20250714-VCAT_Application_R202518214_00_---_Challenge_to_Noti-5.pdf
e48e57d5b875c5b3aa253d08224f66d6d1703f870cc3b692ab61cb7d56b2cf1f,64144,20250714-VCAT_RDRV_account_email_verification_code-22.pdf
c02cc0676dfe530c9320692e1f5b64130eb816df0cf3645b3e9d98815b8be4c6,48949,20250714-VCAT_Residential_Tenancies_Hub_-_Please_confirm_yo-21.pdf
02465f96c09765c4737837f49c14fb9638afc44cc9887a2ed711c97580305a33,79443,20250714-VCAT_has_opened_a_case_R202518214_00_about_243_Fr-20.pdf
4ed693e1662741acfb6476eb84d6f005ed1024a98db84268742e7ef8b93470a4,102959,20250714-You_have_reached_us_outside_of_business_hours-19.pdf
fb2b8469c62bac72ca5d9ee378f8bdd810cfa73a240543992629ada5a4d08ed9,68314,20250715-Automated_response_-_VCAT_Residential_Tenancies-14.pdf
c6bd318859ab86217e0c3bba227f2b9e16bf65afce459585b46b08bf7143abbc,68315,20250715-Automated_response_-_VCAT_Residential_Tenancies-15.pdf
933e597c0a653a82006a51186549b1fe0207b1eeeccb7a252756785b91597d11,200165,20250715-Fwd__VCAT_Application_R202518214_00_---_Challenge_to-7.pdf
9904ffe940043e1336b5415ca1028e16b43251224658daa22a7665bd07351e1e,83432,20250715-Re_Your_VCAT_application__more_information_needed--17.pdf
2b4252d5eec776f89b846778cedc039541fbd924705ff7995e1168d34a1bf8ed,64737,20250715-VCAT_RDRV_account_email_verification_code-18.pdf
e0c12b33499cf325a38ef2f41e4343c7ecfc8dd66c0340ad23052b40bc5e0bb7,111503,20250715-Your_VCAT_application__more_information_needed-_VC-16.pdf
fca124e31131e924eafcf50db05cdbc1d57d56bc5aa3538f3f85060841041907,65207,20250717-VCAT_RDRV_account_email_verification_code-13.pdf
da3074b4739538cbe44348ac075b54f79ee6981b72cdd96510d69354d193d50e,131041,20250721-VCAT_Application_---_Possession_of_Property_-Ref__R2-12.pdf
511fbe4e694ec65a4b56191c82c79f2196ce91fac1a450ceaac2bbadbf3bfa8f,80396,20250721-VCAT_has_opened_a_case_R202518589_00_about_1803_2-11.pdf
2eead959c73c9bdfa99fa393990367488ffd6d8123ef5195923ce61a7bb016ac,80635,20250722-Hearing_scheduled_for_R202518589_00_1803_243_Frank-9.pdf
f141e20628d87315a6df25b194e883f191fe93d1622284b2f638a231876e7811,143664,20250722-Re_VCAT_Application_R202518214_00_---_Challenge_to_N-8.pdf
dbf3618a5e4bc374f1816ccb2fd5846d1df1d388d53e0d1f11987c04fd284004,74021,20250722-VCAT_order_made_about_R202518214_00_243_Franklin_S-10.pdf
42589ffab47cedf2881d81b6dd43bb1e35fdd56967c733897415c60e406bff0a,65279,20250723-VCAT_RDRV_account_email_verification_code-1.pdf
bd6632f0511df8186c377304d0e6721dce86087cf9d0616ffd149c9876c2f230,64501,20250723-VCAT_RDRV_account_email_verification_code-2.pdf
5bf0af6ffd1a4c0d2585dc14ed6ffde651ff1d6c0860aed48e287636e098a0ca,64919,20250723-VCAT_RDRV_account_email_verification_code-3.pdf
e4a9ce83e3033533a8ea94e6b799fef7b406af3e4daeb59be615815cb00fb978,74585,20250723-VCAT_order_made_about_R202518589_00_1803_243_Frank-4.pdf
befd0f91c1211065f9e6fda4ba935e30bb05dd1df050eefaeb77f2210ecb685b,108806,20250724-VCAT_evidence_link_R202518589_about_1803_243_Frank-112.pdf
6313610048a2cb9644c0c01c10525e83c60af7ecd610a063eb97b77a1c363f4b,90957,20250725-Receipt_of_payment_for_1803_243_Franklin_Street-_M-113.pdf
9f9ccc34571a809c67eda9331c56d15af756ab0e825c8ea737d2588ce31f05c7,113929,20250801-Areal_monthly_after-hours_trades_list_update-114.pdf
011c617f9b19f127f7218acfe78c4e3d080f4d83d1bae300332923b1566bbf23,73082,20250808-Hearing_reminder_for_1803_243_Franklin_Street-_MEL-141.pdf
f9bf86aa26904b9dadad1757d656068f7c19ac147edca4cf553969d43f286d2e,104812,20250812-R202518589_00_-_Summary_of_Proof-144.pdf
fd1df8e694acd5ef47eaee3de6a28c54c095c900e7191069e3d6c44b36b54473,105222,20250812-Re_R202518589_00_-_Summary_of_Proof-145.pdf
379b9473fe76551798c30357dad5a0633841da5ace14a2f101758ce5aa4fb420,76076,20250815-VCAT_order_made_about_R202518589_00_1803_243_Frank-146.pdf
76c717919d200e883b3f46685583ee592d752a41c7f939becd885407e3f77be6,226057,20250817-_Without_Prejudice_---_Franklin_1803__Settlement_Ter-147.pdf
77577aaebb6515634ab8a2c7054d85300042fe7a4d26cf79883d2c6facc9b6c4,1402381,20250819-Re_Without_Prejudice_---_Franklin_1803__Settlement_T-148.pdf
3e0cf2d89d2540abdd0e674c7d76f79abacdc53e13803aa0946d55a42270a50a,667948,20250822-1803_243_Franklin_Street-_Melbourne_VIC_3000_-_Not-160.pdf
7406f071cd7b15c96bb45987c3bba36ba6019f0df266277b32e2f499364d26d2,86248,20250827-Receipt_of_payment_for_1803_243_Franklin_Street-_M-161.pdf
ee2a5d9e899b25c46ce72b5a892a71dbd777d48a707ab86a5b5e4b7f3d0effe6,124330,20250828-Re_1803_243_Franklin_Street-_Melbourne_VIC_3000_-_-162.pdf
43fb66f7f25285ab6b5d8e2ae45cf402ba81f4180ba64854bc853b48d5d4389b,87010,24-06-2025_-_Applicant_1_-_Application.pdf
1eacb473b152cad61c7d9819dac06616ca778d5654e547a6dd635cc5e66fac94,77163,27-06-2025_-_Strike_out_-_Consent_order_-_Order_f058873a.pdf
526fd11cec3023de6356b01170c348a0bb855c3674d15def4f4ab76dfeaf1429,138401,Application_for_renewal_of_repairs.pdf
1ef467d48f86668e543c1297577d2d72b148a7ef703fc163cb289d9378ade246,227432,AusPost_lodgement.pdf
1efc4ce7f8bff730f34b8891ded18c8185007319479b3d5a11caab83bf70aa1a,11390,Chawakorn_Response_Repair_Access.pdf
70aaafe7ff1d030f8929a272f24e406901d7e7854550c6839c920ba2b25d0e30,67905,ClaudeAi_sevice_cost.pdf
e5d91978d32c89a484babc236de32e4757a6c7f139dc483d4bb02816bbfce2cb,526269,Electricity_Bill_June.pdf
b4bff2460ac11b64243bd6e711039f15f8707a7bd4a1726401975f25b7c28cee,528612,Electricity_Bill_May.pdf
d155f82f7d06d17156b29223c2c31fab4ff113d43cf2e6e9f178dca0a2595219,48349,Email notification.pdf
84d172a31b86612b93b48bc060c7cc3f37ab6176cc0472b9e81eaa50e2fa7fd3,103890,Emergency_Maintenance_Trades_Contact_List_Hawthorn.pdf
1ad172a7b3a5d2991d54381dc4231add005510c9bdc8efbd1cc287d6141e9332,71282,Exhibit_A_20250616_0437.pdf
311638afe620a710fef797243a096d87f258b71b5a354cbf4ab67a98789a7307,86310,Exhibit_B_20250616_1152.pdf
47894312d4920f237316e3285c19e2aea3fbcbd3db84a6a47a3624f3c6715613,99584,Exhibit_C_20250623_1505.pdf
b988cff0d88b14b809e60b418ef4119674202fbdcd204a46eb21f8be1fef970c,219047,Exhibit_D_20250627_1509.pdf
6d9879fb388acd78ecfe40baa1c9d6945f772ce4a2519953f8b39d581395d57a,225229,FIXD_investigation_report.pdf
40e1273b2a9658ad7a5fce81402db2c8dc80162efb7627c702cf49a33b48936a,12153,Formal_Demand_Letter_Chawakorn.pdf
92199b266225acde628b901ccc08093c9c4b685923dee19c5650eda3a7fb9954,85227,Google_Service_cost.pdf
ddb33cef43e7ef2cf1f82767e8d2d31ea3131eae1490f10db83a3020524f99e4,3347396,IMG_0548.pdf
21ade1574f333fdbd851e4b2c1b321660acc9185343619a83147dd3a9e6208e9,1821559,IMG_0549.pdf
fba1b709f7a2d7fb1421ab7f0df5f461787addeef4e0a08469f46e2b8123b06c,575631,IMG_0551.pdf
48b44cfedb437b00f34598a4c3d4d43478e5bba8b0ba1beb1a4a55cb7de60972,1336453,IMG_0552.pdf
c217d71a66effca5d086a1304a058e940dce7f7823e72f300e2d444b12745e9f,827111,IMG_0553.pdf
de709be067724819b3d6362a4b978b4d0e495cda7722002ffe3134204f05784d,1241584,IMG_0726.pdf
672923ec95ae4158cb310f2f5dc29566c56af53cd955dbdb6d891e952160480a,943964,IMG_0728.pdf
b1adefc0023c5e2a3ed394316b611c2c3a719a9a0ba17c266def47c867770537,816679,IMG_0729.pdf
892623095cccc691f87502100cc23b78175f999323a3abad114a072668c8f009,664304,IMG_0804.pdf
ffaf359db4095bb0832ccabadd5cda1c6ffd3fa4448cb42733ff5de0c95f90ec,421848,IMG_0805.pdf
7576aae6e43a2e607d6a1a27337789811a38ea109c3e0e2491160b59f3cd41aa,540216,IMG_0807.pdf
aaaadf5edb1612b45a61e6f324535f20a9a299721f8a59a65df77fd3fd940114,96148,IMG_0881.pdf
18c21d521541ec394feced7d45746ec60dc783d6d592e4aca056d3cd0897c485,536822,IMG_0886.pdf
4a272dda9a101642eda517238690644fc68249ee998071f7c628086ccb135b77,516237,IMG_0887.pdf
5bca5de390982041e8cb9837cfcfcdcb3c3f87a176aefe800f7ca64e3e54385f,711110,IMG_0888.pdf
45086716f6a1fa3b89af9b31ffd0d77d3e47e721220d8439222b6916c8a84875,92999,Medical_Payment_102.00.pdf
64e7eaa386cb9a73b5b743263fb7bf2db1f4017268ea9fd15046860824112d16,100582,Message_Thread_Franklin_Stpdf.pdf
4e063dd1c69599ffcb2f4a1d097d133efe25776378c0cef58a796797afa820f7,82369,Move_out_guide_-_tips_to_get_your_bond_back.pdf
ceda3f86a5a554fd37c5c5504b61cc6612691e15a8d820aa2f4c3c86782bbb20,96293,NOTICE_TO_VACATE_U1803_243_FRANKLIN_ST.pdf
aba4e0764447a2c7d1a90b33da259802e66dc3c088c99df48dd42aaee25753e0,82846,NTE_10-07.pdf
47fe0617bac6723c15ef385c90fc12b0af453a017e30cb6363fe7e2262e06860,82846,NTE_11-07.pdf
d9a7167e15422e97f6d555e588e7254503d9dadb45d232b39dbda48d657764d0,82844,NTE_14-07.pdf
dce6916095132a50d7dcfa3c6ed66b050da2b631c9a785953b84629c4775840c,82842,NTE_15-07.pdf
198e8e299c8d06402b6e12bee25ac8df95350996e6fd467a8f954976c8115059,536967,Notice_of_Entry_-combined-.pdf
2c769f5c7eb00b5cbaca2c7038c8ac6b9b9c0d741b6337184f6cb96c5db1e5bd,83024,Notice_of_entry_7_July_2025.pdf
9a89f0933b914555a7a7f33d440e77ce1e2c8bcc280a4b6b8bd5fd67f7046805,82706,Notice_of_entry_8_July_2025.pdf
8e7b0b422fce30ce4d4ce1a702af1d187718a197fc6a0c0c35a4f9915ecee4a5,82703,Notice_of_entry_9_July_2025.pdf
0e0089a3ab3766b0b3e8a211f298475e7bc6d60ae41be755bcf6253ca024e3d4,293522,Notice_of_entry_lable.pdf
82b033881ae5de6a433152d71d9c890fac345511c62b61e2f0e87a79f893eca9,106283,Notice_to_vacate_-_1803-243_Franklin_Street-_Melbourne_VIC_3000.pdf
2848c15cee736cea08547194e439e951cd3882281bc3a21cf94d5c831e4b5b05,67707,OpenAI_Service_cost.pdf
77e1f41a6f8c9af41629d1fb887dd96e98b1730aa79e04d619e07c4b51c2f2e3,63776,OpenAI_Service_cost2.pdf
7e12a66c8fcc5c08f9421ca62cdd73af65163404535cb56cd46c2c6720d1166a,63887,OpenAI_Service_cost3.pdf
e8c2024ba17be463d6a4dd08f264979507e0f94a02c275b97aebae6934596876,43244,Perspective_From_Chawakorn-Podjana.pdf
765983e831858293ee85c7241141137a8476d4045c526c65abfeaa2487646184,123648,Property_Agreement.pdf
d9760c57d1bb6cd9aa715736dee1a8febd7b23526af058724fa36f6e8363e020,6802561,Property_Image_1948.pdf
15e0585a28d39420042d8cc95f38bf75efeb66a9019e22ea076e0a7028264640,68633,Public_Liability.pdf
2cdc9ebf84bcd34e47b1ef6f6c3a2c5968b89eac076dc6b28b3e521668d3e187,73619,Receipt_-_85835.pdf
aa45a7da4fc5e13956e281c72033680d412d7e51e3f2e5193ee76dbb130b55c9,88145,Receipt_-_87045.pdf
990d4500d8b2ee525492a6d22a9d083b617c05872a0b55b619783c8286b98f20,88128,Receipt_-_88184.pdf
422f850c65438f4a30d8cb0621c4dccd8d42353bb8a0816e7aa508320177e80c,79016,Receipt_-_89393.pdf
8fe2ac89fa7137d53534721aa0bf8b70b1d8f9c8021c774fb9e2d3338d5d3c2e,78993,Receipt_-_90497.pdf
281393fbc5f97a84f17710941f84ce4fdf92c8db4f84593c0c5a71ee68aa383a,79006,Receipt_-_91716.pdf
fd051efce1c87c940a614800da10bc9d8201eca5d44bb204bd1477f917d1f190,253258,Reg_Post_Lodgement_Slips.pdf
168dc5f85d7d46b77f901571a86e05ce5eafa6aa0cc8f8e2ee945d039e6c42ef,382510,Reg_Post_Sender_Slips.pdf
fa149901f5d890b797d1771dd601d46297903edcb3b28718747a8c70e90778fc,229942,Reg_post_receipt.pdf
15618503b812d0db6b321fb08a48867bf1a4543e613737f1a98954c9a68b553d,529409,Residential_Rental_Agreement_-2024-12-23-_1803_243_Franklin_St_Melbourne_VIC_3000.pdf
033a3e70ca2cefc3e024d38c862bb708c7f5be2adc47f0bd2870bd16a3b02e01,93527,SHIC006139_Reassessment_Request.pdf
b34783af43a3f6f8bc6450e277fb0828fef92c0d83b3c036be53e372176c16f4,221012,S__19816486_0.pdf
6503d0745e81a0faa17bab0ffe225825229d84b1481eefd8d0d25fd1ff4e5aa4,195421,Screenshot 2025-08-17 at 04.24.45.pdf
f20167dd864aaedc91f51753330209b9211783d934c324e73812d765ebedc3b2,17150,Screenshot.pdf
23c52ca1a242014e3a23d930fd20d62b4ee71f6f07cbba27fccdb9edd7dd066a,12345,Tenant_Statement_Chawakorn.pdf
e09e5028bec8d0bff3f66b4dc3a6300234a6ed06d1e4ed239c530054fa1810f3,121264,VCAT_APPLICATION_-_POSSESSION.pdf
1ccc3663a3a48598f9ef2798f7751546dbd51302180b7ad72d555a83a4ae437b,71079,VCAT_Application_R202518214-00_---_Notice_to_Vacate_Challenge.pdf
b5c115d21fc28faac0a123fcbd39e12d53313b2186b34e6348a258bcbe5ab12c,56774,VCAT_Fee_74.10.pdf
c6c65a3a2abe533bf400778091c7be71a184aa79372c90b4b0c5cfa945b8f092,1457219,VCAT_R202518589.00_Summary_of_proof.pdf
89ec81dde21c3b1c1ac0ea5ef46c58d725c7155121e87e681705da7eabf1d0a0,136366,Vacate_Cleaning_Guide.pdf
b12fda37431d50a335bd609bdbb8ee7916dc1107af4e4ee767f4e8e8965e622a,111503,Vacating_instructions_-_1803-243_Franklin_Street-_Melbourne_VIC_3000.pdf
139d85f17456484c435efdce6a3edd67fe1e5425ec150a98b669b490da8c0a57,143519,order_194615752283.pdf
e260e6cbece3022df06f2aa9be9bf6a3e6e456a7f9f9dd4d7bdafb2c4b66e4a5,37712,tax_invoice.pdf
